StudentName,Grd_1,Grd_2,Grd_3,Grd_4
student_001,   85,   94,   87,   39
student_002,   89,   83,   89,   58
student_003,   92,   53,   65,   87
student_004,   94,   92,   56,   84
student_005,   91,   52,   94,   89
student_006,   81,   81,   92,   88
student_007,   64,   36,   85,   54
student_008,   92,   85,   93,   92
student_009,   60,   51,   67,   68
student_010,   93,   99,   58,   42
student_011,   92,   89,   92,   60
student_012,   84,   86,   55,   90
student_013,   66,   90,   55,   89
student_014,   37,   59,   84,   92
student_015,   39,   67,   36,   61
student_016,   60,   94,   63,   90
student_017,   39,   88,   83,   92
student_018,   56,   82,   69,   60
student_019,   70,   64,   60,   83
student_020,   65,   55,   55,   39
student_021,   89,   90,   35,   68
student_022,   55,   68,   90,   94
student_023,   81,   81,   85,   99
student_024,   63,   89,   56,   64
student_025,   56,   82,   65,   92
